# Position_x_cm,Flux_phi
0.000000000000000000e+00,0.000000000000000000e+00
1.000000000000000056e-01,4.627594915810941145e-04
2.000000000000000111e-01,9.255592231113497683e-04
3.000000000000000444e-01,1.388439438052310780e-03
4.000000000000000222e-01,1.851440386857450141e-03
5.000000000000000000e-01,2.314602330478837677e-03
6.000000000000000888e-01,2.777965543868092784e-03
7.000000000000000666e-01,3.241570319478553463e-03
8.000000000000000444e-01,3.705456970768968884e-03
9.000000000000000222e-01,4.169665835709016229e-03
1.000000000000000000e+00,4.634237280286951886e-03
1.100000000000000089e+00,5.099211702019694308e-03
1.200000000000000178e+00,5.564629533465655087e-03
1.300000000000000044e+00,6.030531245740613187e-03
1.400000000000000133e+00,6.496957352036938915e-03
1.500000000000000000e+00,6.963948411146485100e-03
1.600000000000000089e+00,7.431545030987435178e-03
1.700000000000000178e+00,7.899787872135426506e-03
1.800000000000000044e+00,8.368717651359254203e-03
1.900000000000000133e+00,8.838375145161461721e-03
2.000000000000000000e+00,9.308801193324117360e-03
2.100000000000000089e+00,9.780036702460104606e-03
2.200000000000000178e+00,1.025212264957021599e-02
2.300000000000000266e+00,1.072510008560637745e-02
2.400000000000000355e+00,1.119901013904128599e-02
2.500000000000000000e+00,1.167389401944480404e-02
2.600000000000000089e+00,1.214979302106740204e-02
2.700000000000000178e+00,1.262674852643096320e-02
2.800000000000000266e+00,1.310480200992725393e-02
2.900000000000000355e+00,1.358399504142440879e-02
3.000000000000000000e+00,1.406436928988168654e-02
3.100000000000000089e+00,1.454596652697286510e-02
3.200000000000000178e+00,1.502882863071856347e-02
3.300000000000000266e+00,1.551299758912780095e-02
3.400000000000000355e+00,1.599851550384913390e-02
3.500000000000000000e+00,1.648542459383166986e-02
3.600000000000000089e+00,1.697376719899627850e-02
3.700000000000000178e+00,1.746358578391731670e-02
3.800000000000000266e+00,1.795492294151521812e-02
3.900000000000000355e+00,1.844782139676020769e-02
4.000000000000000000e+00,1.894232401038752067e-02
4.100000000000000533e+00,1.943847378262443179e-02
4.200000000000000178e+00,1.993631385692939267e-02
4.299999999999999822e+00,2.043588752374364895e-02
4.400000000000000355e+00,2.093723822425562139e-02
4.500000000000000000e+00,2.144040955417839817e-02
4.600000000000000533e+00,2.194544526754066416e-02
4.700000000000000178e+00,2.245238928049141103e-02
4.800000000000000711e+00,2.296128567511871929e-02
4.900000000000000355e+00,2.347217870328299066e-02
5.000000000000000000e+00,2.398511279046493597e-02
5.100000000000000533e+00,2.450013253962865858e-02
5.200000000000000178e+00,2.501728273510017350e-02
5.300000000000000711e+00,2.553660834646169150e-02
5.400000000000000355e+00,2.605815453246202937e-02
5.500000000000000000e+00,2.658196664494345135e-02
5.600000000000000533e+00,2.710809023278529933e-02
5.700000000000000178e+00,2.763657104586477939e-02
5.800000000000000711e+00,2.816745503903519618e-02
5.900000000000000355e+00,2.870078837612205502e-02
6.000000000000000000e+00,2.923661743393726753e-02
6.100000000000000533e+00,2.977498880631195000e-02
6.200000000000000178e+00,3.031594930814805397e-02
6.300000000000000711e+00,3.085954597948921060e-02
6.400000000000000355e+00,3.140582608961119127e-02
6.500000000000000000e+00,3.195483714113225848e-02
6.600000000000000533e+00,3.250662687414385826e-02
6.700000000000000178e+00,3.306124327036189664e-02
6.800000000000000711e+00,3.361873455729910004e-02
6.900000000000000355e+00,3.417914921245867460e-02
7.000000000000000000e+00,3.474253596754976053e-02
7.100000000000000533e+00,3.530894381272497301e-02
7.200000000000000178e+00,3.587842200084042504e-02
7.300000000000000711e+00,3.645102005173855159e-02
7.400000000000000355e+00,3.702678775655421362e-02
7.500000000000000000e+00,3.760577518204434588e-02
7.600000000000000533e+00,3.818803267494161324e-02
7.700000000000000178e+00,3.877361086633235310e-02
7.800000000000000711e+00,3.936256067605928971e-02
7.900000000000000355e+00,3.995493331714936036e-02
8.000000000000000000e+00,4.055078030026701419e-02
8.099999999999999645e+00,4.115015343819337229e-02
8.200000000000001066e+00,4.175310485033174868e-02
8.300000000000000711e+00,4.235968696723970556e-02
8.400000000000000355e+00,4.296995253518829522e-02
8.500000000000000000e+00,4.358395462074863419e-02
8.599999999999999645e+00,4.420174661540643424e-02
8.700000000000001066e+00,4.482338224020470524e-02
8.800000000000000711e+00,4.544891555041516429e-02
8.900000000000000355e+00,4.607840094023870486e-02
9.000000000000000000e+00,4.671189314753531469e-02
9.099999999999999645e+00,4.734944725858387937e-02
9.200000000000001066e+00,4.799111871287231601e-02
9.300000000000000711e+00,4.863696330791839051e-02
9.400000000000000355e+00,4.928703720412166284e-02
9.500000000000000000e+00,4.994139692964703198e-02
9.600000000000001421e+00,5.060009938534019980e-02
9.700000000000001066e+00,5.126320184967556037e-02
9.800000000000000711e+00,5.193076198373697966e-02
9.900000000000000355e+00,5.260283783623175696e-02
1.000000000000000000e+01,5.327948784853837189e-02
1.010000000000000142e+01,5.396077085978832205e-02
1.020000000000000107e+01,5.464674611198259285e-02
1.030000000000000071e+01,5.533747325514312004e-02
1.040000000000000036e+01,5.603301235249974477e-02
1.050000000000000000e+01,5.673342388571310513e-02
1.060000000000000142e+01,5.743876876013390836e-02
1.070000000000000107e+01,5.814910831009906939e-02
1.080000000000000071e+01,5.886450430426510422e-02
1.090000000000000036e+01,5.958501895097933349e-02
1.100000000000000000e+01,6.031071490368930532e-02
1.110000000000000142e+01,6.104165526639089567e-02
1.120000000000000107e+01,6.177790359911565499e-02
1.130000000000000071e+01,6.251952392345772047e-02
1.140000000000000036e+01,6.326658072814095313e-02
1.150000000000000000e+01,6.401913897462663261e-02
1.160000000000000142e+01,6.477726410276225810e-02
1.170000000000000107e+01,6.554102203647205194e-02
1.180000000000000071e+01,6.631047918948934639e-02
1.190000000000000036e+01,6.708570247113181118e-02
1.200000000000000000e+01,6.786675929211959113e-02
1.210000000000000142e+01,6.865371757043710332e-02
1.220000000000000107e+01,6.944664573723900725e-02
1.230000000000000071e+01,7.024561274280066714e-02
1.240000000000000036e+01,7.105068806251388369e-02
1.250000000000000000e+01,7.186194170292817263e-02
1.260000000000000142e+01,7.267944420783836734e-02
1.270000000000000107e+01,7.350326666441882317e-02
1.280000000000000071e+01,7.433348070940486163e-02
1.290000000000000036e+01,7.517015853532213465e-02
1.300000000000000000e+01,7.601337289676421416e-02
1.310000000000000142e+01,7.686319711671904531e-02
1.320000000000000107e+01,7.771970509294488794e-02
1.330000000000000071e+01,7.858297130439620415e-02
1.340000000000000036e+01,7.945307081770006108e-02
1.350000000000000000e+01,8.033007929368370104e-02
1.360000000000000142e+01,8.121407299395377866e-02
1.370000000000000107e+01,8.210512878752765364e-02
1.380000000000000071e+01,8.300332415751780768e-02
1.390000000000000036e+01,8.390873720786948264e-02
1.400000000000000000e+01,8.482144667015227568e-02
1.410000000000000142e+01,8.574153191040637112e-02
1.420000000000000107e+01,8.666907293604397822e-02
1.430000000000000071e+01,8.760415040280644661e-02
1.440000000000000036e+01,8.854684562177785045e-02
1.450000000000000000e+01,8.949724056645549930e-02
1.460000000000000142e+01,9.045541787987804172e-02
1.470000000000000107e+01,9.142146088181185570e-02
1.480000000000000071e+01,9.239545357599628084e-02
1.490000000000000036e+01,9.337748065744813641e-02
1.500000000000000000e+01,9.436762751982673281e-02
1.510000000000000142e+01,9.536598026285922347e-02
1.520000000000000107e+01,9.637262569982760207e-02
1.530000000000000071e+01,9.738765136511771947e-02
1.540000000000000036e+01,9.841114552183086173e-02
1.550000000000000000e+01,9.944319716945894394e-02
1.560000000000000142e+01,1.004838960516235141e-01
1.570000000000000107e+01,1.015333326638795108e-01
1.580000000000000071e+01,1.025915982615845240e-01
1.590000000000000036e+01,1.036587848678340168e-01
1.600000000000000000e+01,1.047349852814633275e-01
1.610000000000000142e+01,1.058202930851170898e-01
1.619999999999999929e+01,1.069148026533869450e-01
1.630000000000000071e+01,1.080186091610179505e-01
1.640000000000000213e+01,1.091318085911847091e-01
1.650000000000000000e+01,1.102544977438376650e-01
1.660000000000000142e+01,1.113867742441205233e-01
1.669999999999999929e+01,1.125287365508593901e-01
1.680000000000000071e+01,1.136804839651244098e-01
1.690000000000000213e+01,1.148421166388646636e-01
1.700000000000000000e+01,1.160137355836169809e-01
1.710000000000000142e+01,1.171954426792896076e-01
1.719999999999999929e+01,1.183873406830213137e-01
1.730000000000000071e+01,1.195895332381167603e-01
1.740000000000000213e+01,1.208021248830589978e-01
1.750000000000000000e+01,1.220252210605997228e-01
1.760000000000000142e+01,1.232589281269283327e-01
1.769999999999999929e+01,1.245033533609201104e-01
1.780000000000000071e+01,1.257586049734649991e-01
1.790000000000000213e+01,1.270247921168771443e-01
1.800000000000000000e+01,1.283020248943864128e-01
1.810000000000000142e+01,1.295904143697125532e-01
1.819999999999999929e+01,1.308900725767229989e-01
1.830000000000000071e+01,1.322011125291749079e-01
1.840000000000000213e+01,1.335236482305423855e-01
1.850000000000000000e+01,1.348577946839298880e-01
1.860000000000000142e+01,1.362036679020725005e-01
1.869999999999999929e+01,1.375613849174240066e-01
1.880000000000000071e+01,1.389310637923335257e-01
1.890000000000000213e+01,1.403128236293119113e-01
1.900000000000000000e+01,1.417067845813885230e-01
1.910000000000000142e+01,1.431130678625591179e-01
1.920000000000000284e+01,1.445317957583264756e-01
1.930000000000000071e+01,1.459630916363336695e-01
1.940000000000000213e+01,1.474070799570918466e-01
1.950000000000000000e+01,1.488638862848027933e-01
1.960000000000000142e+01,1.503336372982776170e-01
1.970000000000000284e+01,1.518164608019522965e-01
1.980000000000000071e+01,1.533124857370010419e-01
1.990000000000000213e+01,1.548218421925486588e-01
2.000000000000000000e+01,1.563446614169825555e-01
2.010000000000000142e+01,1.578810758293657246e-01
2.020000000000000284e+01,1.594312190309514765e-01
2.030000000000000071e+01,1.609952258168007577e-01
2.040000000000000213e+01,1.625732321875036634e-01
2.050000000000000000e+01,1.641653753610054778e-01
2.060000000000000142e+01,1.657717937845386846e-01
2.070000000000000284e+01,1.673926271466618099e-01
2.080000000000000071e+01,1.690280163894064269e-01
2.090000000000000213e+01,1.706781037205326867e-01
2.100000000000000000e+01,1.723430326258954814e-01
2.110000000000000142e+01,1.740229478819214082e-01
2.120000000000000284e+01,1.757179955681978933e-01
2.130000000000000071e+01,1.774283230801759481e-01
2.140000000000000213e+01,1.791540791419870826e-01
2.150000000000000000e+01,1.808954138193757666e-01
2.160000000000000142e+01,1.826524785327487410e-01
2.170000000000000284e+01,1.844254260703419301e-01
2.180000000000000071e+01,1.862144106015064804e-01
2.190000000000000213e+01,1.880195876901145646e-01
2.200000000000000000e+01,1.898411143080870056e-01
2.210000000000000142e+01,1.916791488490427464e-01
2.220000000000000284e+01,1.935338511420723329e-01
2.230000000000000071e+01,1.954053824656360461e-01
2.240000000000000213e+01,1.972939055615880732e-01
2.250000000000000000e+01,1.991995846493280486e-01
2.260000000000000142e+01,2.011225854400809643e-01
2.270000000000000284e+01,2.030630751513069487e-01
2.280000000000000071e+01,2.050212225212416917e-01
2.290000000000000213e+01,2.069971978235695953e-01
2.300000000000000000e+01,2.089911728822299863e-01
2.310000000000000142e+01,2.110033210863583863e-01
2.320000000000000284e+01,2.130338174053638678e-01
2.330000000000000071e+01,2.150828384041436614e-01
2.340000000000000213e+01,2.171505622584368467e-01
2.350000000000000000e+01,2.192371687703177086e-01
2.360000000000000142e+01,2.213428393838307306e-01
2.370000000000000284e+01,2.234677572007684465e-01
2.380000000000000071e+01,2.256121069965931480e-01
2.390000000000000213e+01,2.277760752365044772e-01
2.400000000000000000e+01,2.299598500916537336e-01
2.410000000000000142e+01,2.321636214555066191e-01
2.420000000000000284e+01,2.343875809603556126e-01
2.430000000000000071e+01,2.366319219939837792e-01
2.440000000000000213e+01,2.388968397164809299e-01
2.450000000000000000e+01,2.411825310772142961e-01
2.460000000000000142e+01,2.434891948319543586e-01
2.470000000000000284e+01,2.458170315601579947e-01
2.480000000000000071e+01,2.481662436824103313e-01
2.490000000000000213e+01,2.505370354780263598e-01
2.500000000000000000e+01,2.529296131028143102e-01
2.510000000000000142e+01,2.560148989137214781e-01
2.520000000000000284e+01,2.602818392819929993e-01
2.530000000000000071e+01,2.645437025877650505e-01
2.540000000000000213e+01,2.688004056989822255e-01
2.550000000000000000e+01,2.730518655842085751e-01
2.560000000000000142e+01,2.772979993142468125e-01
2.570000000000000284e+01,2.815387240637547417e-01
2.580000000000000071e+01,2.857739571128610767e-01
2.590000000000000213e+01,2.900036158487776516e-01
2.600000000000000000e+01,2.942276177674108539e-01
2.610000000000000142e+01,2.984458804749703931e-01
2.620000000000000284e+01,3.026583216895756823e-01
2.630000000000000071e+01,3.068648592428602218e-01
2.640000000000000213e+01,3.110654110815740947e-01
2.650000000000000000e+01,3.152598952691839096e-01
2.660000000000000142e+01,3.194482299874705222e-01
2.670000000000000284e+01,3.236303335381243707e-01
2.680000000000000071e+01,3.278061243443385342e-01
2.690000000000000213e+01,3.319755209523997386e-01
2.700000000000000000e+01,3.361384420332762524e-01
2.710000000000000142e+01,3.402948063842041182e-01
2.720000000000000284e+01,3.444445329302703307e-01
2.730000000000000071e+01,3.485875407259941827e-01
2.740000000000000213e+01,3.527237489569050588e-01
2.750000000000000000e+01,3.568530769411189518e-01
2.760000000000000142e+01,3.609754441309113160e-01
2.770000000000000284e+01,3.650907701142879214e-01
2.780000000000000071e+01,3.691989746165529884e-01
2.790000000000000213e+01,3.732999775018743804e-01
2.800000000000000000e+01,3.773936987748461869e-01
2.810000000000000142e+01,3.814800585820489198e-01
2.820000000000000284e+01,3.855589772136063798e-01
2.830000000000000071e+01,3.896303751047401343e-01
2.840000000000000213e+01,3.936941728373211657e-01
2.850000000000000000e+01,3.977502911414184106e-01
2.860000000000000142e+01,4.017986508968444115e-01
2.870000000000000284e+01,4.058391731346986386e-01
2.880000000000000071e+01,4.098717790389069804e-01
2.890000000000000213e+01,4.138963899477588471e-01
2.900000000000000000e+01,4.179129273554412216e-01
2.910000000000000142e+01,4.219213129135692686e-01
2.920000000000000284e+01,4.259214684327146117e-01
2.930000000000000071e+01,4.299133158839298363e-01
2.940000000000000213e+01,4.338967774002698841e-01
2.950000000000000000e+01,4.378717752783110040e-01
2.960000000000000142e+01,4.418382319796654856e-01
2.970000000000000284e+01,4.457960701324943931e-01
2.980000000000000071e+01,4.497452125330157480e-01
2.990000000000000213e+01,4.536855821470103800e-01
3.000000000000000000e+01,4.576171021113242809e-01
3.010000000000000142e+01,4.615396957353672946e-01
3.020000000000000284e+01,4.654532865026086430e-01
3.030000000000000071e+01,4.693577980720694542e-01
3.040000000000000213e+01,4.732531542798111279e-01
3.050000000000000000e+01,4.771392791404207023e-01
3.060000000000000142e+01,4.810160968484928357e-01
3.070000000000000284e+01,4.848835317801080680e-01
3.080000000000000071e+01,4.887415084943073640e-01
3.090000000000000213e+01,4.925899517345635470e-01
3.100000000000000000e+01,4.964287864302491249e-01
3.110000000000000142e+01,5.002579376980997861e-01
3.120000000000000284e+01,5.040773308436750089e-01
3.130000000000000071e+01,5.078868913628149517e-01
3.140000000000000213e+01,5.116865449430931800e-01
3.150000000000000000e+01,5.154762174652656181e-01
3.160000000000000142e+01,5.192558350047169480e-01
3.170000000000000284e+01,5.230253238329010124e-01
3.180000000000000071e+01,5.267846104187801082e-01
3.190000000000000213e+01,5.305336214302576181e-01
3.200000000000000000e+01,5.342722837356090881e-01
3.210000000000000142e+01,5.380005244049079760e-01
3.220000000000000284e+01,5.417182707114482909e-01
3.230000000000000426e+01,5.454254501331624594e-01
3.239999999999999858e+01,5.491219903540364156e-01
3.250000000000000000e+01,5.528078192655192513e-01
3.260000000000000142e+01,5.564828649679298689e-01
3.270000000000000284e+01,5.601470557718595256e-01
3.280000000000000426e+01,5.638003201995691605e-01
3.289999999999999858e+01,5.674425869863841676e-01
3.300000000000000000e+01,5.710737850820836181e-01
3.310000000000000142e+01,5.746938436522868177e-01
3.320000000000000284e+01,5.783026920798340909e-01
3.330000000000000426e+01,5.819002599661639019e-01
3.339999999999999858e+01,5.854864771326864226e-01
3.350000000000000000e+01,5.890612736221522150e-01
3.360000000000000142e+01,5.926245797000162518e-01
3.370000000000000284e+01,5.961763258557982725e-01
3.380000000000000426e+01,5.997164428044381435e-01
3.389999999999999858e+01,6.032448614876475546e-01
3.400000000000000000e+01,6.067615130752568309e-01
3.410000000000000142e+01,6.102663289665570812e-01
3.420000000000000284e+01,6.137592407916386827e-01
3.430000000000000426e+01,6.172401804127243263e-01
3.439999999999999858e+01,6.207090799254979530e-01
3.450000000000000000e+01,6.241658716604298052e-01
3.460000000000000142e+01,6.276104881840954830e-01
3.470000000000000284e+01,6.310428623004916693e-01
3.480000000000000426e+01,6.344629270523466369e-01
3.489999999999999858e+01,6.378706157224256490e-01
3.500000000000000000e+01,6.412658618348338058e-01
3.510000000000000142e+01,6.446485991563105644e-01
3.520000000000000284e+01,6.480187616975232601e-01
3.530000000000000426e+01,6.513762837143532991e-01
3.539999999999999858e+01,6.547210997091790219e-01
3.550000000000000000e+01,6.580531444321527923e-01
3.560000000000000142e+01,6.613723528824742015e-01
3.570000000000000284e+01,6.646786603096571655e-01
3.580000000000000426e+01,6.679720022147938030e-01
3.589999999999999858e+01,6.712523143518119850e-01
3.600000000000000000e+01,6.745195327287283327e-01
3.610000000000000142e+01,6.777735936088966628e-01
3.620000000000000284e+01,6.810144335122517711e-01
3.630000000000000426e+01,6.842419892165465534e-01
3.639999999999999858e+01,6.874561977585862405e-01
3.650000000000000000e+01,6.906569964354554170e-01
3.660000000000000142e+01,6.938443228057424861e-01
3.670000000000000284e+01,6.970181146907565850e-01
3.680000000000000426e+01,7.001783101757408367e-01
3.689999999999999858e+01,7.033248476110803837e-01
3.700000000000000000e+01,7.064576656135040933e-01
3.710000000000000142e+01,7.095767030672829323e-01
3.720000000000000284e+01,7.126818991254216806e-01
3.730000000000000426e+01,7.157731932108458706e-01
3.739999999999999858e+01,7.188505250175832861e-01
3.750000000000000000e+01,7.219138345119409106e-01
3.760000000000000142e+01,7.249630619336752124e-01
3.770000000000000284e+01,7.279981477971584347e-01
3.780000000000000426e+01,7.310190328925396663e-01
3.789999999999999858e+01,7.340256582868982527e-01
3.800000000000000000e+01,7.370179653253945418e-01
3.810000000000000142e+01,7.399958956324140802e-01
3.820000000000000284e+01,7.429593911127062578e-01
3.830000000000000426e+01,7.459083939525172902e-01
3.840000000000000568e+01,7.488428466207185386e-01
3.850000000000000000e+01,7.517626918699286120e-01
3.860000000000000142e+01,7.546678727376302520e-01
3.870000000000000284e+01,7.575583325472815543e-01
3.880000000000000426e+01,7.604340149094215295e-01
3.890000000000000568e+01,7.632948637227704447e-01
3.900000000000000000e+01,7.661408231753240594e-01
3.910000000000000142e+01,7.689718377454427545e-01
3.920000000000000284e+01,7.717878522029342214e-01
3.930000000000000426e+01,7.745888116101314891e-01
3.940000000000000568e+01,7.773746613229645108e-01
3.950000000000000000e+01,7.801453469920262007e-01
3.960000000000000142e+01,7.829008145636328075e-01
3.970000000000000284e+01,7.856410102808784046e-01
3.980000000000000426e+01,7.883658806846840506e-01
3.990000000000000568e+01,7.910753726148403997e-01
4.000000000000000000e+01,7.937694332110449835e-01
4.010000000000000142e+01,7.964480099139338298e-01
4.020000000000000284e+01,7.991110504661059766e-01
4.030000000000000426e+01,8.017585029131443219e-01
4.040000000000000568e+01,8.043903156046285918e-01
4.050000000000000000e+01,8.070064371951429782e-01
4.060000000000000142e+01,8.096068166452784487e-01
4.070000000000000284e+01,8.121914032226283942e-01
4.080000000000000426e+01,8.147601465027779488e-01
4.090000000000000568e+01,8.173129963702887579e-01
4.100000000000000000e+01,8.198499030196760851e-01
4.110000000000000142e+01,8.223708169563812564e-01
4.120000000000000284e+01,8.248756889977368889e-01
4.130000000000000426e+01,8.273644702739268997e-01
4.140000000000000568e+01,8.298371122289398549e-01
4.150000000000000000e+01,8.322935666215166561e-01
4.160000000000000142e+01,8.347337855260914541e-01
4.170000000000000284e+01,8.371577213337273449e-01
4.180000000000000426e+01,8.395653267530447383e-01
4.190000000000000568e+01,8.419565548111448416e-01
4.200000000000000000e+01,8.443313588545259263e-01
4.210000000000000142e+01,8.466896925499937110e-01
4.220000000000000284e+01,8.490315098855656384e-01
4.230000000000000426e+01,8.513567651713682682e-01
4.240000000000000568e+01,8.536654130405301188e-01
4.250000000000000000e+01,8.559574084500652935e-01
4.260000000000000142e+01,8.582327066817539984e-01
4.270000000000000284e+01,8.604912633430139568e-01
4.280000000000000426e+01,8.627330343677678259e-01
4.290000000000000568e+01,8.649579760173023990e-01
4.300000000000000000e+01,8.671660448811226996e-01
4.310000000000000142e+01,8.693571978777984155e-01
4.320000000000000284e+01,8.715313922558058923e-01
4.330000000000000426e+01,8.736885855943614665e-01
4.340000000000000568e+01,8.758287358042496917e-01
4.350000000000000000e+01,8.779518011286446821e-01
4.360000000000000142e+01,8.800577401439249048e-01
4.370000000000000284e+01,8.821465117604826434e-01
4.380000000000000426e+01,8.842180752235246910e-01
4.390000000000000568e+01,8.862723901138684912e-01
4.400000000000000000e+01,8.883094163487305073e-01
4.410000000000000142e+01,8.903291141825092625e-01
4.420000000000000284e+01,8.923314442075607200e-01
4.430000000000000426e+01,8.943163673549671122e-01
4.440000000000000568e+01,8.962838448953001080e-01
4.450000000000000000e+01,8.982338384393769859e-01
4.460000000000000142e+01,9.001663099390088130e-01
4.470000000000000284e+01,9.020812216877444056e-01
4.480000000000000426e+01,9.039785363216054082e-01
4.490000000000000568e+01,9.058582168198162643e-01
4.500000000000000000e+01,9.077202265055267505e-01
4.510000000000000142e+01,9.095645290465276256e-01
4.520000000000000284e+01,9.113910884559600634e-01
4.530000000000000426e+01,9.131998690930183127e-01
4.540000000000000568e+01,9.149908356636449192e-01
4.550000000000000000e+01,9.167639532212203957e-01
4.560000000000000142e+01,9.185191871672457875e-01
4.570000000000000284e+01,9.202565032520164667e-01
4.580000000000000426e+01,9.219758675752927068e-01
4.590000000000000568e+01,9.236772465869600435e-01
4.600000000000000000e+01,9.253606070876849721e-01
4.610000000000000142e+01,9.270259162295637623e-01
4.620000000000000284e+01,9.286731415167622794e-01
4.630000000000000426e+01,9.303022508061513651e-01
4.640000000000000568e+01,9.319132123079345575e-01
4.650000000000000000e+01,9.335059945862685948e-01
4.660000000000000142e+01,9.350805665598769245e-01
4.670000000000000284e+01,9.366368975026569954e-01
4.680000000000000426e+01,9.381749570442802222e-01
4.690000000000000568e+01,9.396947151707844004e-01
4.700000000000000000e+01,9.411961422251609033e-01
4.710000000000000142e+01,9.426792089079328862e-01
4.720000000000000284e+01,9.441438862777273844e-01
4.730000000000000426e+01,9.455901457518415265e-01
4.740000000000000568e+01,9.470179591067994229e-01
4.750000000000000000e+01,9.484272984789042793e-01
4.760000000000000142e+01,9.498181363647821840e-01
4.770000000000000284e+01,9.511904456219196780e-01
4.780000000000000426e+01,9.525441994691929981e-01
4.790000000000000568e+01,9.538793714873922136e-01
4.800000000000000000e+01,9.551959356197361473e-01
4.810000000000000142e+01,9.564938661723825231e-01
4.820000000000000284e+01,9.577731378149285657e-01
4.830000000000000426e+01,9.590337255809068262e-01
4.840000000000000568e+01,9.602756048682724588e-01
4.850000000000000000e+01,9.614987514398838364e-01
4.860000000000000142e+01,9.627031414239761720e-01
4.870000000000000284e+01,9.638887513146273678e-01
4.880000000000000426e+01,9.650555579722178701e-01
4.890000000000000568e+01,9.662035386238823076e-01
4.900000000000000000e+01,9.673326708639548022e-01
4.910000000000000142e+01,9.684429326544063965e-01
4.920000000000000284e+01,9.695343023252760428e-01
4.930000000000000426e+01,9.706067585750932647e-01
4.940000000000000568e+01,9.716602804712953789e-01
4.950000000000000000e+01,9.726948474506359466e-01
4.960000000000000142e+01,9.737104393195867846e-01
4.970000000000000284e+01,9.747070362547327615e-01
4.980000000000000426e+01,9.756846188031590428e-01
4.990000000000000568e+01,9.766431678828310092e-01
5.000000000000000000e+01,9.775826647829679583e-01
5.010000000000000142e+01,9.785030911644080343e-01
5.020000000000000284e+01,9.794044290599676073e-01
5.030000000000000426e+01,9.802866608747914379e-01
5.040000000000000568e+01,9.811497693866978453e-01
5.050000000000000000e+01,9.819937377465142170e-01
5.060000000000000142e+01,9.828185494784075216e-01
5.070000000000000284e+01,9.836241884802061630e-01
5.080000000000000426e+01,9.844106390237141735e-01
5.090000000000000568e+01,9.851778857550197444e-01
5.100000000000000000e+01,9.859259136947949864e-01
5.110000000000000142e+01,9.866547082385888068e-01
5.120000000000000284e+01,9.873642551571129022e-01
5.130000000000000426e+01,9.880545405965204253e-01
5.140000000000000568e+01,9.887255510786759904e-01
5.150000000000000000e+01,9.893772735014204622e-01
5.160000000000000142e+01,9.900096951388264177e-01
5.170000000000000284e+01,9.906228036414481686e-01
5.180000000000000426e+01,9.912165870365629017e-01
5.190000000000000568e+01,9.917910337284044919e-01
5.200000000000000000e+01,9.923461324983918752e-01
5.210000000000000142e+01,9.928818725053472072e-01
5.220000000000000284e+01,9.933982432857094702e-01
5.230000000000000426e+01,9.938952347537386434e-01
5.240000000000000568e+01,9.943728372017135442e-01
5.250000000000000000e+01,9.948310413001217878e-01
5.260000000000000142e+01,9.952698380978425297e-01
5.270000000000000284e+01,9.956892190223225469e-01
5.280000000000000426e+01,9.960891758797437712e-01
5.290000000000000568e+01,9.964697008551839374e-01
5.300000000000000000e+01,9.968307865127695733e-01
5.310000000000000142e+01,9.971724257958229920e-01
5.320000000000000284e+01,9.974946120269994054e-01
5.330000000000000426e+01,9.977973389084193734e-01
5.340000000000000568e+01,9.980806005217913723e-01
5.350000000000000000e+01,9.983443913285289240e-01
5.360000000000000142e+01,9.985887061698586198e-01
5.370000000000000284e+01,9.988135402669223728e-01
5.380000000000000426e+01,9.990188892208712312e-01
5.390000000000000568e+01,9.992047490129520870e-01
5.400000000000000000e+01,9.993711160045865016e-01
5.410000000000000142e+01,9.995179869374428705e-01
5.420000000000000284e+01,9.996453589335014822e-01
5.430000000000000426e+01,9.997532294951102516e-01
5.440000000000000568e+01,9.998415965050354570e-01
5.450000000000000000e+01,9.999104582265031516e-01
5.460000000000000142e+01,9.999598133032342462e-01
5.470000000000000284e+01,9.999896607594714881e-01
5.480000000000000426e+01,1.000000000000000000e+00
5.490000000000000568e+01,9.999908308101591592e-01
5.500000000000000000e+01,9.999621533558481490e-01
5.510000000000000142e+01,9.999139681835228499e-01
5.520000000000000284e+01,9.998462762201865139e-01
5.530000000000000426e+01,9.997590787733732220e-01
5.540000000000000568e+01,9.996523775311217941e-01
5.550000000000000000e+01,9.995261745619454796e-01
5.560000000000000142e+01,9.993804723147907687e-01
5.570000000000000284e+01,9.992152736189916507e-01
5.580000000000000426e+01,9.990305816842145470e-01
5.590000000000000568e+01,9.988264001003973602e-01
5.600000000000000000e+01,9.986027328376796408e-01
5.610000000000000142e+01,9.983595842463264258e-01
5.620000000000000284e+01,9.980969590566441951e-01
5.630000000000000426e+01,9.978148623788893889e-01
5.640000000000000568e+01,9.975132997031695981e-01
5.650000000000000000e+01,9.971922768993370934e-01
5.660000000000000142e+01,9.968518002168758052e-01
5.670000000000000284e+01,9.964918762847799760e-01
5.680000000000000426e+01,9.961125121114257075e-01
5.690000000000000568e+01,9.957137150844351803e-01
5.700000000000000000e+01,9.952954929705332132e-01
5.710000000000000142e+01,9.948578539153970501e-01
5.720000000000000284e+01,9.944008064434979310e-01
5.730000000000000426e+01,9.939243594579360019e-01
5.740000000000000568e+01,9.934285222402673421e-01
5.750000000000000000e+01,9.929133044503237748e-01
5.760000000000000142e+01,9.923787161260257950e-01
5.770000000000000284e+01,9.918247676831868365e-01
5.780000000000000426e+01,9.912514699153115449e-01
5.790000000000000568e+01,9.906588339933857235e-01
5.800000000000000000e+01,9.900468714656595060e-01
5.810000000000000142e+01,9.894155942574233142e-01
5.820000000000000284e+01,9.887650146707753773e-01
5.830000000000000426e+01,9.880951453843830334e-01
5.840000000000000568e+01,9.874059994532367046e-01
5.850000000000000000e+01,9.866975903083949895e-01
5.860000000000000142e+01,9.859699317567247601e-01
5.870000000000000284e+01,9.852230379806322658e-01
5.880000000000000426e+01,9.844569235377862437e-01
5.890000000000000568e+01,9.836716033608369214e-01
5.900000000000000000e+01,9.828670927571236948e-01
5.910000000000000142e+01,9.820434074083789211e-01
5.920000000000000284e+01,9.812005633704213858e-01
5.930000000000000426e+01,9.803385770728451076e-01
5.940000000000000568e+01,9.794574653186994828e-01
5.950000000000000000e+01,9.785572452841619917e-01
5.960000000000000142e+01,9.776379345182040215e-01
5.970000000000000284e+01,9.766995509422502497e-01
5.980000000000000426e+01,9.757421128498285912e-01
5.990000000000000568e+01,9.747656389062154814e-01
6.000000000000000000e+01,9.737701481480716126e-01
6.010000000000000142e+01,9.727556599830717854e-01
6.020000000000000284e+01,9.717221941895272108e-01
6.030000000000000426e+01,9.706697709160008181e-01
6.040000000000000568e+01,9.695984106809147907e-01
6.050000000000000000e+01,9.685081343721508862e-01
6.060000000000000142e+01,9.673989632466445387e-01
6.070000000000000284e+01,9.662709189299704127e-01
6.080000000000000426e+01,9.651240234159215170e-01
6.090000000000000568e+01,9.639582990660809925e-01
6.100000000000000000e+01,9.627737686093871261e-01
6.110000000000000142e+01,9.615704551416901502e-01
6.120000000000000284e+01,9.603483821253031572e-01
6.130000000000000426e+01,9.591075733885447985e-01
6.140000000000000568e+01,9.578480531252758778e-01
6.150000000000000000e+01,9.565698458944270621e-01
6.160000000000000142e+01,9.552729766195223737e-01
6.170000000000000284e+01,9.539574705881922467e-01
6.180000000000000426e+01,9.526233534516815871e-01
6.190000000000000568e+01,9.512706512243503942e-01
6.200000000000000000e+01,9.498993902831670555e-01
6.210000000000000142e+01,9.485095973671944236e-01
6.220000000000000284e+01,9.471012995770692333e-01
6.230000000000000426e+01,9.456745243744738572e-01
6.240000000000000568e+01,9.442292995816019552e-01
6.250000000000000000e+01,9.427656533806162420e-01
6.260000000000000142e+01,9.412836143130995925e-01
6.270000000000000284e+01,9.397832112794987092e-01
6.280000000000000426e+01,9.382644735385617940e-01
6.290000000000000568e+01,9.367274307067681161e-01
6.300000000000000000e+01,9.351721127577511394e-01
6.310000000000000142e+01,9.335985500217145461e-01
6.320000000000000284e+01,9.320067731848419301e-01
6.330000000000000426e+01,9.303968132886978326e-01
6.340000000000000568e+01,9.287687017296238912e-01
6.350000000000000000e+01,9.271224702581268851e-01
6.360000000000000142e+01,9.254581509782603410e-01
6.370000000000000284e+01,9.237757763469982564e-01
6.380000000000000426e+01,9.220753791736038263e-01
6.390000000000000568e+01,9.203569926189891781e-01
6.400000000000000000e+01,9.186206501950698877e-01
6.410000000000000853e+01,9.168663857641117243e-01
6.420000000000000284e+01,9.150942335380708448e-01
6.429999999999999716e+01,9.133042280779269939e-01
6.440000000000000568e+01,9.114964042930107091e-01
6.450000000000000000e+01,9.096707974403220875e-01
6.460000000000000853e+01,9.078274431238443354e-01
6.470000000000000284e+01,9.059663772938498782e-01
6.479999999999999716e+01,9.040876362461998106e-01
6.490000000000000568e+01,9.021912566216363505e-01
6.500000000000000000e+01,9.002772754050690773e-01
6.510000000000000853e+01,8.983457299248538419e-01
6.520000000000000284e+01,8.963966578520653483e-01
6.529999999999999716e+01,8.944300971997636296e-01
6.540000000000000568e+01,8.924460863222518636e-01
6.550000000000000000e+01,8.904446639143301923e-01
6.560000000000000853e+01,8.884258690105409917e-01
6.570000000000000284e+01,8.863897409844080366e-01
6.579999999999999716e+01,8.843363195476688920e-01
6.590000000000000568e+01,8.822656447495016430e-01
6.600000000000000000e+01,8.801777569757437414e-01
6.610000000000000853e+01,8.780726969481045252e-01
6.620000000000000284e+01,8.759505057233726300e-01
6.629999999999999716e+01,8.738112246926144078e-01
6.640000000000000568e+01,8.716548955803681276e-01
6.650000000000000000e+01,8.694815604438299594e-01
6.660000000000000853e+01,8.672912616720348522e-01
6.670000000000000284e+01,8.650840419850296392e-01
6.679999999999999716e+01,8.628599444330404822e-01
6.690000000000000568e+01,8.606190123956342086e-01
6.700000000000000000e+01,8.583612895808720999e-01
6.710000000000000853e+01,8.560868200244575732e-01
6.720000000000000284e+01,8.537956480888788668e-01
6.729999999999999716e+01,8.514878184625431778e-01
6.740000000000000568e+01,8.491633761589060247e-01
6.750000000000000000e+01,8.468223665155936164e-01
6.760000000000000853e+01,8.444648351935192254e-01
6.770000000000000284e+01,8.420908281759922343e-01
6.779999999999999716e+01,8.397003917678227403e-01
6.790000000000000568e+01,8.372935725944182783e-01
6.800000000000000000e+01,8.348704176008747702e-01
6.810000000000000853e+01,8.324309740510617006e-01
6.820000000000000284e+01,8.299752895266999664e-01
6.829999999999999716e+01,8.275034119264350618e-01
6.840000000000000568e+01,8.250153894649023822e-01
6.850000000000000000e+01,8.225112706717879751e-01
6.860000000000000853e+01,8.199911043908820751e-01
6.870000000000000284e+01,8.174549397791265326e-01
6.879999999999999716e+01,8.149028263056566912e-01
6.890000000000000568e+01,8.123348137508368261e-01
6.900000000000000000e+01,8.097509522052892539e-01
6.910000000000000853e+01,8.071512920689185577e-01
6.920000000000000284e+01,8.045358840499279296e-01
6.929999999999999716e+01,8.019047791638306277e-01
6.940000000000000568e+01,7.992580287324557720e-01
6.950000000000000000e+01,7.965956843829471445e-01
6.960000000000000853e+01,7.939177980467568840e-01
6.970000000000000284e+01,7.912244219586326288e-01
6.979999999999999716e+01,7.885156086555993316e-01
6.990000000000000568e+01,7.857914109759343013e-01
7.000000000000000000e+01,7.830518820581371386e-01
7.010000000000000853e+01,7.802970753398940085e-01
7.020000000000000284e+01,7.775270445570348077e-01
7.029999999999999716e+01,7.747418437424861137e-01
7.040000000000000568e+01,7.719415272252170279e-01
7.050000000000000000e+01,7.691261496291799116e-01
7.060000000000000853e+01,7.662957658722451271e-01
7.070000000000000284e+01,7.634504311651305608e-01
7.079999999999999716e+01,7.605902010103242628e-01
7.090000000000000568e+01,7.577151312010024231e-01
7.100000000000000000e+01,7.548252778199417978e-01
7.110000000000000853e+01,7.519206972384252508e-01
7.120000000000000284e+01,7.490014461151430769e-01
7.129999999999999716e+01,7.460675813950877755e-01
7.140000000000000568e+01,7.431191603084434938e-01
7.150000000000000000e+01,7.401562403694700309e-01
7.160000000000000853e+01,7.371788793753815128e-01
7.170000000000000284e+01,7.341871354052187382e-01
7.179999999999999716e+01,7.311810668187165296e-01
7.190000000000000568e+01,7.281607322551660877e-01
7.200000000000000000e+01,7.251261906322710171e-01
7.210000000000000853e+01,7.220775011449982461e-01
7.220000000000000284e+01,7.190147232644236164e-01
7.229999999999999716e+01,7.159379167365721441e-01
7.240000000000000568e+01,7.128471415812529521e-01
7.250000000000000000e+01,7.097424580908879843e-01
7.260000000000000853e+01,7.066239268293369458e-01
7.270000000000000284e+01,7.034916086307156924e-01
7.279999999999999716e+01,7.003455645982096245e-01
7.290000000000000568e+01,6.971858561028825285e-01
7.300000000000000000e+01,6.940125447824786464e-01
7.310000000000000853e+01,6.908256925402214144e-01
7.320000000000000284e+01,6.876253615436057620e-01
7.329999999999999716e+01,6.844116142231853051e-01
7.340000000000000568e+01,6.811845132713555406e-01
7.350000000000000000e+01,6.779441216411297155e-01
7.360000000000000853e+01,6.746905025449121407e-01
7.370000000000000284e+01,6.714237194532648445e-01
7.379999999999999716e+01,6.681438360936693410e-01
7.390000000000000568e+01,6.648509164492839574e-01
7.400000000000000000e+01,6.615450247576957210e-01
7.410000000000000853e+01,6.582262255096674730e-01
7.420000000000000284e+01,6.548945834478796524e-01
7.429999999999999716e+01,6.515501635656679724e-01
7.440000000000000568e+01,6.481930311057551020e-01
7.450000000000000000e+01,6.448232515589787939e-01
7.460000000000000853e+01,6.414408906630135743e-01
7.470000000000000284e+01,6.380460144010888790e-01
7.479999999999999716e+01,6.346386890007024162e-01
7.490000000000000568e+01,6.312189809323273115e-01
7.500000000000000000e+01,6.277869569081165890e-01
7.510000000000000853e+01,6.245887033825664458e-01
7.520000000000000284e+01,6.216176108951841917e-01
7.529999999999999716e+01,6.186603962070160723e-01
7.540000000000000568e+01,6.157169932906754184e-01
7.550000000000000000e+01,6.127873364271653189e-01
7.560000000000000853e+01,6.098713602044117943e-01
7.570000000000000284e+01,6.069689995158027429e-01
7.579999999999999716e+01,6.040801895587345482e-01
7.590000000000000568e+01,6.012048658331654583e-01
7.600000000000000000e+01,5.983429641401752930e-01
7.610000000000000853e+01,5.954944205805318136e-01
7.620000000000000284e+01,5.926591715532643079e-01
7.629999999999999716e+01,5.898371537542440590e-01
7.640000000000000568e+01,5.870283041747699215e-01
7.650000000000000000e+01,5.842325601001622237e-01
7.660000000000000853e+01,5.814498591083627765e-01
7.670000000000000284e+01,5.786801390685403224e-01
7.680000000000001137e+01,5.759233381397040885e-01
7.690000000000000568e+01,5.731793947693227809e-01
7.700000000000000000e+01,5.704482476919503497e-01
7.710000000000000853e+01,5.677298359278580842e-01
7.720000000000000284e+01,5.650240987816732563e-01
7.730000000000001137e+01,5.623309758410236503e-01
7.740000000000000568e+01,5.596504069751890853e-01
7.750000000000000000e+01,5.569823323337588228e-01
7.760000000000000853e+01,5.543266923452953021e-01
7.770000000000000284e+01,5.516834277160038713e-01
7.780000000000001137e+01,5.490524794284088461e-01
7.790000000000000568e+01,5.464337887400366744e-01
7.800000000000000000e+01,5.438272971821032087e-01
7.810000000000000853e+01,5.412329465582093047e-01
7.820000000000000284e+01,5.386506789430406394e-01
7.830000000000001137e+01,5.360804366810753008e-01
7.840000000000000568e+01,5.335221623852953732e-01
7.850000000000000000e+01,5.309757989359069619e-01
7.860000000000000853e+01,5.284412894790636583e-01
7.870000000000000284e+01,5.259185774255979995e-01
7.880000000000001137e+01,5.234076064497580338e-01
7.890000000000000568e+01,5.209083204879489948e-01
7.900000000000000000e+01,5.184206637374823012e-01
7.910000000000000853e+01,5.159445806553292213e-01
7.920000000000000284e+01,5.134800159568809752e-01
7.930000000000001137e+01,5.110269146147143893e-01
7.940000000000000568e+01,5.085852218573631012e-01
7.950000000000000000e+01,5.061548831680950933e-01
7.960000000000000853e+01,5.037358442836952221e-01
7.970000000000000284e+01,5.013280511932532990e-01
7.980000000000001137e+01,4.989314501369591648e-01
7.990000000000000568e+01,4.965459876049014287e-01
8.000000000000000000e+01,4.941716103358733680e-01
8.010000000000000853e+01,4.918082653161833795e-01
8.020000000000000284e+01,4.894558997784718146e-01
8.030000000000001137e+01,4.871144612005320895e-01
8.040000000000000568e+01,4.847838973041389554e-01
8.050000000000000000e+01,4.824641560538803775e-01
8.060000000000000853e+01,4.801551856559963527e-01
8.070000000000000284e+01,4.778569345572226124e-01
8.080000000000001137e+01,4.755693514436389324e-01
8.090000000000000568e+01,4.732923852395239384e-01
8.100000000000000000e+01,4.710259851062146286e-01
8.110000000000000853e+01,4.687701004409712269e-01
8.120000000000000284e+01,4.665246808758476971e-01
8.130000000000001137e+01,4.642896762765665875e-01
8.140000000000000568e+01,4.620650367414002035e-01
8.150000000000000000e+01,4.598507126000563328e-01
8.160000000000000853e+01,4.576466544125690761e-01
8.170000000000000284e+01,4.554528129681952864e-01
8.180000000000001137e+01,4.532691392843153921e-01
8.190000000000000568e+01,4.510955846053402718e-01
8.200000000000000000e+01,4.489321004016224026e-01
8.210000000000000853e+01,4.467786383683722828e-01
8.220000000000000284e+01,4.446351504245800168e-01
8.230000000000001137e+01,4.425015887119420621e-01
8.240000000000000568e+01,4.403779055937923625e-01
8.250000000000000000e+01,4.382640536540388099e-01
8.260000000000000853e+01,4.361599856961045352e-01
8.270000000000000284e+01,4.340656547418745848e-01
8.280000000000001137e+01,4.319810140306463708e-01
8.290000000000000568e+01,4.299060170180862839e-01
8.300000000000000000e+01,4.278406173751899133e-01
8.310000000000000853e+01,4.257847689872480412e-01
8.320000000000000284e+01,4.237384259528169106e-01
8.330000000000001137e+01,4.217015425826933228e-01
8.340000000000000568e+01,4.196740733988948979e-01
8.350000000000000000e+01,4.176559731336439429e-01
8.360000000000000853e+01,4.156471967283575375e-01
8.370000000000000284e+01,4.136476993326411167e-01
8.380000000000001137e+01,4.116574363032872164e-01
8.390000000000000568e+01,4.096763632032784375e-01
8.400000000000000000e+01,4.077044358007957392e-01
8.410000000000000853e+01,4.057416100682305626e-01
8.420000000000000284e+01,4.037878421812019503e-01
8.430000000000001137e+01,4.018430885175779954e-01
8.440000000000000568e+01,3.999073056565020656e-01
8.450000000000000000e+01,3.979804503774230229e-01
8.460000000000000853e+01,3.960624796591304397e-01
8.470000000000000284e+01,3.941533506787942009e-01
8.480000000000001137e+01,3.922530208110081018e-01
8.490000000000000568e+01,3.903614476268382205e-01
8.500000000000000000e+01,3.884785888928757314e-01
8.510000000000000853e+01,3.866044025702937703e-01
8.520000000000000284e+01,3.847388468139092410e-01
8.530000000000001137e+01,3.828818799712478960e-01
8.540000000000000568e+01,3.810334605816149689e-01
8.550000000000000000e+01,3.791935473751689711e-01
8.560000000000000853e+01,3.773620992720005396e-01
8.570000000000000284e+01,3.755390753812152260e-01
8.580000000000001137e+01,3.737244350000205606e-01
8.590000000000000568e+01,3.719181376128170013e-01
8.600000000000000000e+01,3.701201428902936574e-01
8.610000000000000853e+01,3.683304106885277318e-01
8.620000000000000284e+01,3.665489010480881271e-01
8.630000000000001137e+01,3.647755741931433815e-01
8.640000000000000568e+01,3.630103905305734346e-01
8.650000000000000000e+01,3.612533106490860568e-01
8.660000000000000853e+01,3.595042953183363865e-01
8.670000000000000284e+01,3.577633054880512420e-01
8.680000000000001137e+01,3.560303022871571521e-01
8.690000000000000568e+01,3.543052470229127726e-01
8.700000000000000000e+01,3.525881011800446330e-01
8.710000000000000853e+01,3.508788264198873241e-01
8.720000000000000284e+01,3.491773845795274611e-01
8.730000000000001137e+01,3.474837376709519754e-01
8.740000000000000568e+01,3.457978478801991828e-01
8.750000000000000000e+01,3.441196775665152363e-01
8.760000000000000853e+01,3.424491892615133537e-01
8.770000000000000284e+01,3.407863456683375425e-01
8.780000000000001137e+01,3.391311096608294329e-01
8.790000000000000568e+01,3.374834442826994962e-01
8.800000000000000000e+01,3.358433127467022050e-01
8.810000000000000853e+01,3.342106784338144676e-01
8.820000000000000284e+01,3.325855048924177826e-01
8.830000000000001137e+01,3.309677558374849449e-01
8.840000000000000568e+01,3.293573951497693608e-01
8.850000000000000000e+01,3.277543868749989153e-01
8.860000000000000853e+01,3.261586952230730585e-01
8.870000000000000284e+01,3.245702845672637227e-01
8.880000000000001137e+01,3.229891194434200141e-01
8.890000000000000568e+01,3.214151645491762355e-01
8.900000000000000000e+01,3.198483847431637384e-01
8.910000000000000853e+01,3.182887450442264399e-01
8.920000000000000284e+01,3.167362106306395586e-01
8.930000000000001137e+01,3.151907468393321810e-01
8.940000000000000568e+01,3.136523191651134912e-01
8.950000000000000000e+01,3.121208932599024433e-01
8.960000000000000853e+01,3.105964349319603190e-01
8.970000000000000284e+01,3.090789101451278942e-01
8.980000000000001137e+01,3.075682850180652683e-01
8.990000000000000568e+01,3.060645258234954147e-01
9.000000000000000000e+01,3.045675989874510603e-01
9.010000000000000853e+01,3.030774710885253409e-01
9.020000000000000284e+01,3.015941088571251205e-01
9.030000000000001137e+01,3.001174791747286408e-01
9.040000000000000568e+01,2.986475490731458904e-01
9.050000000000000000e+01,2.971842857337823607e-01
9.060000000000000853e+01,2.957276564869064095e-01
9.070000000000000284e+01,2.942776288109200666e-01
9.080000000000001137e+01,2.928341703316324485e-01
9.090000000000000568e+01,2.913972488215373358e-01
9.100000000000000000e+01,2.899668321990934716e-01
9.110000000000000853e+01,2.885428885280080791e-01
9.120000000000000284e+01,2.871253860165242089e-01
9.130000000000001137e+01,2.857142930167104189e-01
9.140000000000000568e+01,2.843095780237545611e-01
9.150000000000000000e+01,2.829112096752603445e-01
9.160000000000000853e+01,2.815191567505467285e-01
9.170000000000000284e+01,2.801333881699513140e-01
9.180000000000001137e+01,2.787538729941360649e-01
9.190000000000000568e+01,2.773805804233965833e-01
9.200000000000000000e+01,2.760134797969744924e-01
9.210000000000000853e+01,2.746525405923729846e-01
9.220000000000000284e+01,2.732977324246749773e-01
9.230000000000001137e+01,2.719490250458651559e-01
9.240000000000000568e+01,2.706063883441541806e-01
9.250000000000000000e+01,2.692697923433067242e-01
9.260000000000000853e+01,2.679392072019718962e-01
9.270000000000000284e+01,2.666146032130169430e-01
9.280000000000001137e+01,2.652959508028643332e-01
9.290000000000000568e+01,2.639832205308311752e-01
9.300000000000000000e+01,2.626763830884717987e-01
9.310000000000000853e+01,2.613754092989235556e-01
9.320000000000000284e+01,2.600802701162553410e-01
9.330000000000001137e+01,2.587909366248188903e-01
9.340000000000000568e+01,2.575073800386036282e-01
9.350000000000000000e+01,2.562295717005931839e-01
9.360000000000000853e+01,2.549574830821262905e-01
9.370000000000000284e+01,2.536910857822594068e-01
9.380000000000001137e+01,2.524303515271328902e-01
9.390000000000000568e+01,2.511752521693392248e-01
9.400000000000000000e+01,2.499257596872950238e-01
9.410000000000000853e+01,2.486818461846151684e-01
9.420000000000000284e+01,2.474434838894900568e-01
9.430000000000001137e+01,2.462106451540653218e-01
9.440000000000000568e+01,2.449833024538247139e-01
9.450000000000000000e+01,2.437614283869755372e-01
9.460000000000000853e+01,2.425449956738367219e-01
9.470000000000000284e+01,2.413339771562297564e-01
9.480000000000001137e+01,2.401283457968723944e-01
9.490000000000000568e+01,2.389280746787749155e-01
9.500000000000000000e+01,2.377331370046391890e-01
9.510000000000000853e+01,2.365435060962602087e-01
9.520000000000000284e+01,2.353591553939305692e-01
9.530000000000001137e+01,2.341800584558473841e-01
9.540000000000000568e+01,2.330061889575219536e-01
9.550000000000000000e+01,2.318375206911920672e-01
9.560000000000000853e+01,2.306740275652365280e-01
9.570000000000000284e+01,2.295156836035929238e-01
9.580000000000001137e+01,2.283624629451775911e-01
9.590000000000000568e+01,2.272143398433080774e-01
9.600000000000000000e+01,2.260712886651282671e-01
9.610000000000000853e+01,2.249332838910362287e-01
9.620000000000000284e+01,2.238003001141141424e-01
9.630000000000001137e+01,2.226723120395613931e-01
9.640000000000000568e+01,2.215492944841294110e-01
9.650000000000000000e+01,2.204312223755597322e-01
9.660000000000000853e+01,2.193180707520238637e-01
9.670000000000000284e+01,2.182098147615661732e-01
9.680000000000001137e+01,2.171064296615489164e-01
9.690000000000000568e+01,2.160078908180997903e-01
9.700000000000000000e+01,2.149141737055619561e-01
9.710000000000000853e+01,2.138252539059463109e-01
9.720000000000000284e+01,2.127411071083864513e-01
9.730000000000001137e+01,2.116617091085956637e-01
9.740000000000000568e+01,2.105870358083268279e-01
9.750000000000000000e+01,2.095170632148340706e-01
9.760000000000000853e+01,2.084517674403369991e-01
9.770000000000000284e+01,2.073911247014876558e-01
9.780000000000001137e+01,2.063351113188390817e-01
9.790000000000000568e+01,2.052837037163169898e-01
9.800000000000000000e+01,2.042368784206931576e-01
9.810000000000000853e+01,2.031946120610614026e-01
9.820000000000000284e+01,2.021568813683156107e-01
9.830000000000001137e+01,2.011236631746303183e-01
9.840000000000000568e+01,2.000949344129434315e-01
9.850000000000000000e+01,1.990706721164410831e-01
9.860000000000000853e+01,1.980508534180449309e-01
9.870000000000000284e+01,1.970354555499015392e-01
9.880000000000001137e+01,1.960244558428739792e-01
9.890000000000000568e+01,1.950178317260358174e-01
9.900000000000000000e+01,1.940155607261669080e-01
9.910000000000000853e+01,1.930176204672518492e-01
9.920000000000000284e+01,1.920239886699802168e-01
9.930000000000001137e+01,1.910346431512492671e-01
9.940000000000000568e+01,1.900495618236683892e-01
9.950000000000000000e+01,1.890687226950661937e-01
9.960000000000000853e+01,1.880921038679993496e-01
9.970000000000000284e+01,1.871196835392635871e-01
9.980000000000001137e+01,1.861514399994069757e-01
9.990000000000000568e+01,1.851873516322451729e-01
1.000000000000000000e+02,1.842273969143787826e-01
1.001000000000000085e+02,1.832715544147127673e-01
1.002000000000000028e+02,1.823198027939779142e-01
1.003000000000000114e+02,1.813721208042543831e-01
1.004000000000000057e+02,1.804284872884972524e-01
1.005000000000000000e+02,1.794888811800642026e-01
1.006000000000000085e+02,1.785532815022450592e-01
1.007000000000000028e+02,1.776216673677934177e-01
1.008000000000000114e+02,1.766940179784604603e-01
1.009000000000000057e+02,1.757703126245301339e-01
1.010000000000000000e+02,1.748505306843571860e-01
1.011000000000000085e+02,1.739346516239065887e-01
1.012000000000000028e+02,1.730226549962948501e-01
1.013000000000000114e+02,1.721145204413337126e-01
1.014000000000000057e+02,1.712102276850754612e-01
1.015000000000000000e+02,1.703097565393601742e-01
1.016000000000000085e+02,1.694130869013651119e-01
1.017000000000000028e+02,1.685201987531557422e-01
1.018000000000000114e+02,1.676310721612387089e-01
1.019000000000000057e+02,1.667456872761169662e-01
1.020000000000000000e+02,1.658640243318463547e-01
1.021000000000000085e+02,1.649860636455943996e-01
1.022000000000000028e+02,1.641117856172007450e-01
1.023000000000000114e+02,1.632411707287395042e-01
1.024000000000000057e+02,1.623741995440836361e-01
1.025000000000000000e+02,1.615108527084706536e-01
1.026000000000000085e+02,1.606511109480707744e-01
1.027000000000000028e+02,1.597949550695563492e-01
1.028000000000000114e+02,1.589423659596733984e-01
1.029000000000000057e+02,1.580933245848148982e-01
1.030000000000000000e+02,1.572478119905956206e-01
1.031000000000000085e+02,1.564058093014290829e-01
1.032000000000000028e+02,1.555672977201059681e-01
1.033000000000000114e+02,1.547322585273745166e-01
1.034000000000000057e+02,1.539006730815224155e-01
1.035000000000000000e+02,1.530725228179606878e-01
1.036000000000000085e+02,1.522477892488091344e-01
1.037000000000000028e+02,1.514264539624834982e-01
1.038000000000000114e+02,1.506084986232843481e-01
1.039000000000000057e+02,1.497939049709877402e-01
1.040000000000000000e+02,1.489826548204374046e-01
1.041000000000000085e+02,1.481747300611387930e-01
1.042000000000000028e+02,1.473701126568545683e-01
1.043000000000000114e+02,1.465687846452020104e-01
1.044000000000000057e+02,1.457707281372518926e-01
1.045000000000000000e+02,1.449759253171290230e-01
1.046000000000000085e+02,1.441843584416144519e-01
1.047000000000000028e+02,1.433960098397493166e-01
1.048000000000000114e+02,1.426108619124402399e-01
1.049000000000000057e+02,1.418288971320663949e-01
1.050000000000000000e+02,1.410500980420880679e-01
1.051000000000000085e+02,1.402744472566568867e-01
1.052000000000000028e+02,1.395019274602278259e-01
1.053000000000000114e+02,1.387325214071722934e-01
1.054000000000000057e+02,1.379662119213931615e-01
1.055000000000000000e+02,1.372029818959412395e-01
1.056000000000000085e+02,1.364428142926333576e-01
1.057000000000000028e+02,1.356856921416718653e-01
1.058000000000000114e+02,1.349315985412656294e-01
1.059000000000000057e+02,1.341805166572528629e-01
1.060000000000000000e+02,1.334324297227250378e-01
1.061000000000000085e+02,1.326873210376526280e-01
1.062000000000000028e+02,1.319451739685119918e-01
1.063000000000000114e+02,1.312059719479143627e-01
1.064000000000000057e+02,1.304696984742355070e-01
1.065000000000000000e+02,1.297363371112474906e-01
1.066000000000000085e+02,1.290058714877516111e-01
1.067000000000000028e+02,1.282782852972129684e-01
1.068000000000000114e+02,1.275535622973960614e-01
1.069000000000000057e+02,1.268316863100024394e-01
1.070000000000000000e+02,1.261126412203092406e-01
1.071000000000000085e+02,1.253964109768095081e-01
1.072000000000000028e+02,1.246829795908536570e-01
1.073000000000000114e+02,1.239723311362925656e-01
1.074000000000000057e+02,1.232644497491218460e-01
1.075000000000000000e+02,1.225593196271277524e-01
1.076000000000000085e+02,1.218569250295342271e-01
1.077000000000000028e+02,1.211572502766514459e-01
1.078000000000000114e+02,1.204602797495257227e-01
1.079000000000000057e+02,1.197659978895907751e-01
1.080000000000000000e+02,1.190743891983202379e-01
1.081000000000000085e+02,1.183854382368816766e-01
1.082000000000000028e+02,1.176991296257918346e-01
1.083000000000000114e+02,1.170154480445731449e-01
1.084000000000000057e+02,1.163343782314117669e-01
1.085000000000000000e+02,1.156559049828166791e-01
1.086000000000000085e+02,1.149800131532802278e-01
1.087000000000000028e+02,1.143066876549400646e-01
1.088000000000000114e+02,1.136359134572420132e-01
1.089000000000000057e+02,1.129676755866046572e-01
1.090000000000000000e+02,1.123019591260848854e-01
1.091000000000000085e+02,1.116387492150448524e-01
1.092000000000000028e+02,1.109780310488200916e-01
1.093000000000000114e+02,1.103197898783890019e-01
1.094000000000000057e+02,1.096640110100434995e-01
1.095000000000000000e+02,1.090106798050608783e-01
1.096000000000000085e+02,1.083597816793769736e-01
1.097000000000000028e+02,1.077113021032604923e-01
1.098000000000000114e+02,1.070652266009885362e-01
1.099000000000000057e+02,1.064215407505234579e-01
1.100000000000000000e+02,1.057802301831908126e-01
1.101000000000000085e+02,1.051412805833583514e-01
1.102000000000000028e+02,1.045046776881165679e-01
1.103000000000000114e+02,1.038704072869601203e-01
1.104000000000000057e+02,1.032384552214705431e-01
1.105000000000000000e+02,1.026088073850000698e-01
1.106000000000000085e+02,1.019814497223566346e-01
1.107000000000000028e+02,1.013563682294900264e-01
1.108000000000000114e+02,1.007335489531792500e-01
1.109000000000000057e+02,1.001129779907208861e-01
1.110000000000000000e+02,9.949464148961865984e-02
1.111000000000000085e+02,9.887852564727413196e-02
1.112000000000000028e+02,9.826461671067851511e-02
1.113000000000000114e+02,9.765290097610548892e-02
1.114000000000000057e+02,9.704336478880534744e-02
1.115000000000000000e+02,9.643599454269989601e-02
1.116000000000000085e+02,9.583077668007881911e-02
1.117000000000000028e+02,9.522769769129688089e-02
1.118000000000000114e+02,9.462674411447220824e-02
1.119000000000000057e+02,9.402790253518569785e-02
1.120000000000000000e+02,9.343115958618151973e-02
1.121000000000000085e+02,9.283650194706860592e-02
1.122000000000000028e+02,9.224391634402322182e-02
1.123000000000000114e+02,9.165338954949255046e-02
1.124000000000000057e+02,9.106490838189934545e-02
1.125000000000000000e+02,9.047845970534752758e-02
1.126000000000000085e+02,8.989403042932893328e-02
1.127000000000000028e+02,8.931160750843095131e-02
1.128000000000000114e+02,8.873117794204529729e-02
1.129000000000000057e+02,8.815272877407760721e-02
1.130000000000000000e+02,8.757624709265821039e-02
1.131000000000000085e+02,8.700172002985374908e-02
1.132000000000000028e+02,8.642913476137992213e-02
1.133000000000000114e+02,8.585847850631501965e-02
1.134000000000000057e+02,8.528973852681458190e-02
1.135000000000000000e+02,8.472290212782694618e-02
1.136000000000000085e+02,8.415795665680976534e-02
1.137000000000000028e+02,8.359488950344752534e-02
1.138000000000000114e+02,8.303368809936984007e-02
1.139000000000000057e+02,8.247433991787091190e-02
1.140000000000000000e+02,8.191683247362978315e-02
1.141000000000000085e+02,8.136115332243148979e-02
1.142000000000000028e+02,8.080729006088922806e-02
1.143000000000000114e+02,8.025523032616738162e-02
1.144000000000000057e+02,7.970496179570540907e-02
1.145000000000000000e+02,7.915647218694275844e-02
1.146000000000000085e+02,7.860974925704450333e-02
1.147000000000000028e+02,7.806478080262804764e-02
1.148000000000000114e+02,7.752155465949055191e-02
1.149000000000000057e+02,7.698005870233737280e-02
1.150000000000000000e+02,7.644028084451121030e-02
1.151000000000000085e+02,7.590220903772229577e-02
1.152000000000000028e+02,7.536583127177930164e-02
1.153000000000000114e+02,7.483113557432115315e-02
1.154000000000000057e+02,7.429811001054968667e-02
1.155000000000000000e+02,7.376674268296315451e-02
1.156000000000000085e+02,7.323702173109056246e-02
1.157000000000000028e+02,7.270893533122677055e-02
1.158000000000000114e+02,7.218247169616849590e-02
1.159000000000000057e+02,7.165761907495109273e-02
1.160000000000000000e+02,7.113436575258617889e-02
1.161000000000000085e+02,7.061270004979995629e-02
1.162000000000000028e+02,7.009261032277251668e-02
1.163000000000000114e+02,6.957408496287774413e-02
1.164000000000000057e+02,6.905711239642411958e-02
1.165000000000000000e+02,6.854168108439624707e-02
1.166000000000000085e+02,6.802777952219721258e-02
1.167000000000000028e+02,6.751539623939173396e-02
1.168000000000000114e+02,6.700451979944985204e-02
1.169000000000000057e+02,6.649513879949173201e-02
1.170000000000000000e+02,6.598724187003292274e-02
1.171000000000000085e+02,6.548081767473050430e-02
1.172000000000000028e+02,6.497585491012991543e-02
1.173000000000000114e+02,6.447234230541257216e-02
1.174000000000000057e+02,6.397026862214415244e-02
1.175000000000000000e+02,6.346962265402367187e-02
1.176000000000000085e+02,6.297039322663317007e-02
1.177000000000000028e+02,6.247256919718828516e-02
1.178000000000000114e+02,6.197613945428932097e-02
1.179000000000000057e+02,6.148109291767318157e-02
1.180000000000000000e+02,6.098741853796592338e-02
1.181000000000000085e+02,6.049510529643601503e-02
1.182000000000000028e+02,6.000414220474828420e-02
1.183000000000000114e+02,5.951451830471851667e-02
1.184000000000000057e+02,5.902622266806879098e-02
1.185000000000000000e+02,5.853924439618340969e-02
1.186000000000000085e+02,5.805357261986551776e-02
1.187000000000000028e+02,5.756919649909442854e-02
1.188000000000000114e+02,5.708610522278350502e-02
1.189000000000000057e+02,5.660428800853876952e-02
1.190000000000000000e+02,5.612373410241810329e-02
1.191000000000000085e+02,5.564443277869112608e-02
1.192000000000000028e+02,5.516637333959963779e-02
1.193000000000000114e+02,5.468954511511878169e-02
1.194000000000000057e+02,5.421393746271872122e-02
1.195000000000000000e+02,5.373953976712701752e-02
1.196000000000000085e+02,5.326634144009157606e-02
1.197000000000000028e+02,5.279433192014416215e-02
1.198000000000000114e+02,5.232350067236458957e-02
1.199000000000000057e+02,5.185383718814545739e-02
1.200000000000000000e+02,5.138533098495749046e-02
1.201000000000000085e+02,5.091797160611540030e-02
1.202000000000000028e+02,5.045174862054446763e-02
1.203000000000000114e+02,4.998665162254752048e-02
1.204000000000000057e+02,4.952267023157260611e-02
1.205000000000000000e+02,4.905979409198115565e-02
1.206000000000000085e+02,4.859801287281675236e-02
1.207000000000000028e+02,4.813731626757443427e-02
1.208000000000000114e+02,4.767769399397050328e-02
1.209000000000000057e+02,4.721913579371293107e-02
1.210000000000000000e+02,4.676163143227229924e-02
1.211000000000000085e+02,4.630517069865319746e-02
1.212000000000000028e+02,4.584974340516626001e-02
1.213000000000000114e+02,4.539533938720059780e-02
1.214000000000000057e+02,4.494194850299686184e-02
1.215000000000000000e+02,4.448956063342073691e-02
1.216000000000000085e+02,4.403816568173698348e-02
1.217000000000000028e+02,4.358775357338392359e-02
1.218000000000000114e+02,4.313831425574854439e-02
1.219000000000000057e+02,4.268983769794190697e-02
1.220000000000000000e+02,4.224231389057523517e-02
1.221000000000000085e+02,4.179573284553631668e-02
1.222000000000000028e+02,4.135008459576650780e-02
1.223000000000000114e+02,4.090535919503813372e-02
1.224000000000000057e+02,4.046154671773236067e-02
1.225000000000000000e+02,4.001863725861758148e-02
1.226000000000000085e+02,3.957662093262817593e-02
1.227000000000000028e+02,3.913548787464377759e-02
1.228000000000000114e+02,3.869522823926898475e-02
1.229000000000000057e+02,3.825583220061346684e-02
1.230000000000000000e+02,3.781728995207257055e-02
1.231000000000000085e+02,3.737959170610831439e-02
1.232000000000000028e+02,3.694272769403077888e-02
1.233000000000000114e+02,3.650668816578003101e-02
1.234000000000000057e+02,3.607146338970831922e-02
1.235000000000000000e+02,3.563704365236278898e-02
1.236000000000000085e+02,3.520341925826853818e-02
1.237000000000000028e+02,3.477058052971214452e-02
1.238000000000000114e+02,3.433851780652551200e-02
1.239000000000000057e+02,3.390722144587013376e-02
1.240000000000000000e+02,3.347668182202178516e-02
1.241000000000000085e+02,3.304688932615553604e-02
1.242000000000000028e+02,3.261783436613120007e-02
1.243000000000000114e+02,3.218950736627909648e-02
1.244000000000000057e+02,3.176189876718620714e-02
1.245000000000000000e+02,3.133499902548274318e-02
1.246000000000000085e+02,3.090879861362896830e-02
1.247000000000000028e+02,3.048328801970245916e-02
1.248000000000000114e+02,3.005845774718569549e-02
1.249000000000000057e+02,2.963429831475396584e-02
1.250000000000000000e+02,2.921080025606364802e-02
1.251000000000000085e+02,2.887697435880876712e-02
1.252000000000000028e+02,2.860371618058592594e-02
1.253000000000000114e+02,2.833294528203095936e-02
1.254000000000000057e+02,2.806463811784833812e-02
1.255000000000000000e+02,2.779877135698031326e-02
1.256000000000000085e+02,2.753532188057810498e-02
1.257000000000000028e+02,2.727426677999160443e-02
1.258000000000000114e+02,2.701558335477726933e-02
1.259000000000000057e+02,2.675924911072422030e-02
1.260000000000000000e+02,2.650524175789818401e-02
1.261000000000000085e+02,2.625353920870327276e-02
1.262000000000000028e+02,2.600411957596128823e-02
1.263000000000000114e+02,2.575696117100851820e-02
1.264000000000000057e+02,2.551204250180974520e-02
1.265000000000000000e+02,2.526934227108939418e-02
1.266000000000000085e+02,2.502883937447956952e-02
1.267000000000000028e+02,2.479051289868491187e-02
1.268000000000000114e+02,2.455434211966405628e-02
1.269000000000000057e+02,2.432030650082751128e-02
1.270000000000000000e+02,2.408838569125191023e-02
1.271000000000000085e+02,2.385855952391032972e-02
1.272000000000000028e+02,2.363080801391864716e-02
1.273000000000000114e+02,2.340511135679774340e-02
1.274000000000000057e+02,2.318144992675133867e-02
1.275000000000000000e+02,2.295980427495943402e-02
1.276000000000000085e+02,2.274015512788708782e-02
1.277000000000000028e+02,2.252248338560847163e-02
1.278000000000000114e+02,2.230677012014599392e-02
1.279000000000000057e+02,2.209299657382439441e-02
1.280000000000000000e+02,2.188114415763964954e-02
1.280999999999999943e+02,2.167119444964252239e-02
1.282000000000000171e+02,2.146312919333666358e-02
1.283000000000000114e+02,2.125693029609109636e-02
1.284000000000000057e+02,2.105257982756693000e-02
1.285000000000000000e+02,2.085006001815820076e-02
1.285999999999999943e+02,2.064935325744670508e-02
1.287000000000000171e+02,2.045044209267063429e-02
1.288000000000000114e+02,2.025330922720696564e-02
1.289000000000000057e+02,2.005793751906739808e-02
1.290000000000000000e+02,1.986430997940775642e-02
1.290999999999999943e+02,1.967240977105066610e-02
1.292000000000000171e+02,1.948222020702149171e-02
1.293000000000000114e+02,1.929372474909727547e-02
1.294000000000000057e+02,1.910690700636863762e-02
1.295000000000000000e+02,1.892175073381446512e-02
1.295999999999999943e+02,1.873823983088931944e-02
1.297000000000000171e+02,1.855635834012337240e-02
1.298000000000000114e+02,1.837609044573482869e-02
1.299000000000000057e+02,1.819742047225460929e-02
1.300000000000000000e+02,1.802033288316327517e-02
1.300999999999999943e+02,1.784481227954004198e-02
1.302000000000000171e+02,1.767084339872372623e-02
1.303000000000000114e+02,1.749841111298555338e-02
1.304000000000000057e+02,1.732750042821372752e-02
1.305000000000000000e+02,1.715809648260956805e-02
1.305999999999999943e+02,1.699018454539520315e-02
1.307000000000000171e+02,1.682375001553260835e-02
1.308000000000000114e+02,1.665877842045397281e-02
1.309000000000000057e+02,1.649525541480319907e-02
1.310000000000000000e+02,1.633316677918849116e-02
1.310999999999999943e+02,1.617249841894588883e-02
1.312000000000000171e+02,1.601323636291362637e-02
1.313000000000000114e+02,1.585536676221727115e-02
1.314000000000000057e+02,1.569887588906545423e-02
1.315000000000000000e+02,1.554375013555616032e-02
1.315999999999999943e+02,1.538997601249343650e-02
1.317000000000000171e+02,1.523754014821440683e-02
1.318000000000000114e+02,1.508642928742652545e-02
1.319000000000000057e+02,1.493663029005493949e-02
1.320000000000000000e+02,1.478813013009987881e-02
1.320999999999999943e+02,1.464091589450395615e-02
1.322000000000000171e+02,1.449497478202929276e-02
1.323000000000000114e+02,1.435029410214437064e-02
1.324000000000000057e+02,1.420686127392050552e-02
1.325000000000000000e+02,1.406466382493784875e-02
1.325999999999999943e+02,1.392368939020083990e-02
1.327000000000000171e+02,1.378392571106297829e-02
1.328000000000000114e+02,1.364536063416085798e-02
1.329000000000000057e+02,1.350798211035735864e-02
1.330000000000000000e+02,1.337177819369388988e-02
1.330999999999999943e+02,1.323673704035161110e-02
1.332000000000000171e+02,1.310284690762153655e-02
1.333000000000000114e+02,1.297009615288343028e-02
1.334000000000000057e+02,1.283847323259339895e-02
1.335000000000000000e+02,1.270796670128011494e-02
1.335999999999999943e+02,1.257856521054954643e-02
1.337000000000000171e+02,1.245025750809815486e-02
1.338000000000000114e+02,1.232303243673442406e-02
1.339000000000000057e+02,1.219687893340867108e-02
1.340000000000000000e+02,1.207178602825104141e-02
1.340999999999999943e+02,1.194774284361760537e-02
1.342000000000000171e+02,1.182473859314448275e-02
1.343000000000000114e+02,1.170276258080989520e-02
1.344000000000000057e+02,1.158180420000407169e-02
1.345000000000000000e+02,1.146185293260694460e-02
1.345999999999999943e+02,1.134289834807352196e-02
1.347000000000000171e+02,1.122493010252688557e-02
1.348000000000000114e+02,1.110793793785872820e-02
1.349000000000000057e+02,1.099191168083733794e-02
1.350000000000000000e+02,1.087684124222297773e-02
1.350999999999999943e+02,1.076271661589054893e-02
1.352000000000000171e+02,1.064952787795950089e-02
1.353000000000000114e+02,1.053726518593088406e-02
1.354000000000000057e+02,1.042591877783147734e-02
1.355000000000000000e+02,1.031547897136492371e-02
1.355999999999999943e+02,1.020593616306979083e-02
1.357000000000000171e+02,1.009728082748448906e-02
1.358000000000000114e+02,9.989503516318968754e-03
1.359000000000000057e+02,9.882594857633127464e-03
1.360000000000000000e+02,9.776545555021864606e-03
1.360999999999999943e+02,9.671346386806688178e-03
1.362000000000000171e+02,9.566988205233845771e-03
1.363000000000000114e+02,9.463461935678848039e-03
1.364000000000000057e+02,9.360758575857386354e-03
1.365000000000000000e+02,9.258869195042521497e-03
1.365999999999999943e+02,9.157784933288093052e-03
1.367000000000000171e+02,9.057497000658297492e-03
1.368000000000000114e+02,8.957996676463344729e-03
1.369000000000000057e+02,8.859275308501125476e-03
1.370000000000000000e+02,8.761324312304863415e-03
1.370999999999999943e+02,8.664135170396627256e-03
1.372000000000000171e+02,8.567699431546685340e-03
1.373000000000000114e+02,8.472008710038617801e-03
1.374000000000000057e+02,8.377054684940118609e-03
1.375000000000000000e+02,8.282829099379437204e-03
1.375999999999999943e+02,8.189323759827397270e-03
1.377000000000000171e+02,8.096530535384905899e-03
1.378000000000000114e+02,8.004441357075925412e-03
1.379000000000000057e+02,7.913048217145821073e-03
1.380000000000000000e+02,7.822343168365032684e-03
1.380999999999999943e+02,7.732318323338013659e-03
1.382000000000000171e+02,7.642965853817371667e-03
1.383000000000000114e+02,7.554277990023148398e-03
1.384000000000000057e+02,7.466247019967188134e-03
1.385000000000000000e+02,7.378865288782526614e-03
1.385999999999999943e+02,7.292125198057759425e-03
1.387000000000000171e+02,7.206019205176300568e-03
1.388000000000000114e+02,7.120539822660508673e-03
1.389000000000000057e+02,7.035679617520600171e-03
1.390000000000000000e+02,6.951431210608299133e-03
1.390999999999999943e+02,6.867787275975182140e-03
1.392000000000000171e+02,6.784740540235627108e-03
1.393000000000000114e+02,6.702283781934353923e-03
1.394000000000000057e+02,6.620409830918464952e-03
1.395000000000000000e+02,6.539111567713959405e-03
1.395999999999999943e+02,6.458381922906646089e-03
1.397000000000000171e+02,6.378213876527410314e-03
1.398000000000000114e+02,6.298600457441785525e-03
1.399000000000000057e+02,6.219534742743764583e-03
1.400000000000000000e+02,6.141009857153808225e-03
1.400999999999999943e+02,6.063018972420994301e-03
1.402000000000000171e+02,5.985555306729260089e-03
1.403000000000000114e+02,5.908612124107675244e-03
1.404000000000000057e+02,5.832182733844706347e-03
1.405000000000000000e+02,5.756260489906419274e-03
1.405999999999999943e+02,5.680838790358559535e-03
1.407000000000000171e+02,5.605911076792468965e-03
1.408000000000000114e+02,5.531470833754795376e-03
1.409000000000000057e+02,5.457511588180925799e-03
1.410000000000000000e+02,5.384026908832115557e-03
1.410999999999999943e+02,5.311010405736246373e-03
1.412000000000000171e+02,5.238455729632180563e-03
1.413000000000000114e+02,5.166356571417648862e-03
1.414000000000000057e+02,5.094706661600630244e-03
1.415000000000000000e+02,5.023499769754184718e-03
1.415999999999999943e+02,4.952729703974674894e-03
1.417000000000000171e+02,4.882390310343336440e-03
1.418000000000000114e+02,4.812475472391158395e-03
1.419000000000000057e+02,4.742979110567012609e-03
1.420000000000000000e+02,4.673895181709003706e-03
1.420999999999999943e+02,4.605217678518969300e-03
1.422000000000000171e+02,4.536940629040109654e-03
1.423000000000000114e+02,4.469058096137688667e-03
1.424000000000000057e+02,4.401564176982758481e-03
1.425000000000000000e+02,4.334453002538870420e-03
1.425999999999999943e+02,4.267718737051724547e-03
1.427000000000000171e+02,4.201355577541711871e-03
1.428000000000000114e+02,4.135357753299311913e-03
1.429000000000000057e+02,4.069719525383285776e-03
1.430000000000000000e+02,4.004435186121640435e-03
1.430999999999999943e+02,3.939499058615310474e-03
1.432000000000000171e+02,3.874905496244511732e-03
1.433000000000000114e+02,3.810648882177734321e-03
1.434000000000000057e+02,3.746723628883319532e-03
1.435000000000000000e+02,3.683124177643589368e-03
1.435999999999999943e+02,3.619844998071480597e-03
1.437000000000000171e+02,3.556880587629638636e-03
1.438000000000000114e+02,3.494225471151937885e-03
1.439000000000000057e+02,3.431874200367380362e-03
1.440000000000000000e+02,3.369821353426332745e-03
1.440999999999999943e+02,3.308061534429061062e-03
1.442000000000000171e+02,3.246589372956522248e-03
1.443000000000000114e+02,3.185399523603371814e-03
1.444000000000000057e+02,3.124486665513143396e-03
1.445000000000000000e+02,3.063845501915568072e-03
1.445999999999999943e+02,3.003470759665984469e-03
1.447000000000000171e+02,2.943357188786806678e-03
1.448000000000000114e+02,2.883499562011000977e-03
1.449000000000000057e+02,2.823892674327544046e-03
1.450000000000000000e+02,2.764531342528810630e-03
1.450999999999999943e+02,2.705410404759862018e-03
1.452000000000000171e+02,2.646524720069588082e-03
1.453000000000000114e+02,2.587869167963666867e-03
1.454000000000000057e+02,2.529438647959308343e-03
1.455000000000000000e+02,2.471228079141728554e-03
1.455999999999999943e+02,2.413232399722335490e-03
1.457000000000000171e+02,2.355446566598569900e-03
1.458000000000000114e+02,2.297865554915378035e-03
1.459000000000000057e+02,2.240484357628266029e-03
1.460000000000000000e+02,2.183297985067903825e-03
1.460999999999999943e+02,2.126301464506243077e-03
1.462000000000000171e+02,2.069489839724104364e-03
1.463000000000000114e+02,2.012858170580202055e-03
1.464000000000000057e+02,1.956401532581568230e-03
1.465000000000000000e+02,1.900115016455332286e-03
1.465999999999999943e+02,1.843993727721831297e-03
1.467000000000000171e+02,1.788032786269001893e-03
1.468000000000000114e+02,1.732227325928021580e-03
1.469000000000000057e+02,1.676572494050165450e-03
1.470000000000000000e+02,1.621063451084835344e-03
1.470999999999999943e+02,1.565695370158730034e-03
1.472000000000000171e+02,1.510463436656116730e-03
1.473000000000000114e+02,1.455362847800168802e-03
1.474000000000000057e+02,1.400388812235334136e-03
1.475000000000000000e+02,1.345536549610693369e-03
1.475999999999999943e+02,1.290801290164279814e-03
1.477000000000000171e+02,1.236178274308315315e-03
1.478000000000000114e+02,1.181662752215334065e-03
1.479000000000000057e+02,1.127249983405154057e-03
1.480000000000000000e+02,1.072935236332661461e-03
1.480999999999999943e+02,1.018713787976371736e-03
1.482000000000000171e+02,9.645809234277321047e-04
1.483000000000000114e+02,9.105319354811297486e-04
1.484000000000000057e+02,8.565621242245688395e-04
1.485000000000000000e+02,8.026667966309840004e-04
1.485999999999999943e+02,7.488412661501497522e-04
1.487000000000000171e+02,6.950808523011543956e-04
1.488000000000000114e+02,6.413808802654026586e-04
1.489000000000000057e+02,5.877366804801087289e-04
1.490000000000000000e+02,5.341435882322476862e-04
1.490999999999999943e+02,4.805969432529287990e-04
1.492000000000000171e+02,4.270920893121534943e-04
1.493000000000000114e+02,3.736243738139270504e-04
1.494000000000000057e+02,3.201891473916843815e-04
1.495000000000000000e+02,2.667817635039973902e-04
1.495999999999999943e+02,2.133975780305281901e-04
1.497000000000000171e+02,1.600319488681920942e-04
1.498000000000000114e+02,1.066802355274966505e-04
1.499000000000000057e+02,5.333779872902098042e-05
1.500000000000000000e+02,0.000000000000000000e+00
